,a_dropout,bilstm_num_layers,g_dropout,num_layers,t_dropout,use_attention,use_text_proj,v_dropout
Bimodal TT-GAT,0.4929534956978255,1.0,0.10101594126118227,3,0.30305231078446804,False,True,0.1007206931982563
BiLSTM_GAT,0.2048262948786407,2.0,0.30725821287555155,4,0.3195635166276459,True,True,0.5878481449104319
Baseline,0.17343293581368582,,0.24648973672341276,3,0.18506477136870297,,False,0.10867078408998276
TT-GAT,0.39294858998728843,2.0,0.24654580705928375,3,0.25237807640094945,True,False,0.3430548105111857
BiLSTM_Topic_GAT,0.2032961086822673,2.0,0.10377975614413512,4,0.30269883776217577,True,False,0.1232540376856541
Baseline_Topic,0.5235176515354015,,0.18651969779639793,3,0.591651597418225,,True,0.4493170974820207
