,batch_size,focal_alpha,focal_gamma,lr,optimizer,weight_decay
Bimodal TT-GAT,4,0.7548409054286808,4.237171181354173,9.426700117187579e-05,AdamW,0.00041996951312471385
BiLSTM_GAT,4,0.720740257164129,3.5106808368025533,2.330769931951836e-05,AdamW,0.0005249994108800198
Baseline,4,0.7158831111251698,3.8648014404401767,1.3043578828734025e-05,AdamW,0.00035781607219961044
TT-GAT,8,0.7814404050308201,4.436047692133546,2.9601350868887523e-05,AdamW,0.0009648931977691574
BiLSTM_Topic_GAT,4,0.9290645004518573,4.05833127651972,4.928563178267879e-05,Adam,0.00013033255511931335
Baseline_Topic,4,0.7100633381617065,1.8103485288269683,3.0069162324930878e-05,AdamW,8.46208322012246e-05
