,lr,optimizer,weight_decay
Bimodal TT-GAT,1.6804111065805783e-06,MomentumSGD,0.0013244246869046079
BiLSTM_GAT,1.8073752350553137e-06,MomentumSGD,0.0006989038541788092
Baseline,1.0389333846210387e-06,MomentumSGD,0.001232297933257915
TT-GAT,5.581729057290829e-05,AdamW,0.00023819197561339428
BiLSTM_Topic_GAT,6.6915272905487e-05,AdamW,0.00885649049670215
Baseline_Topic,8.384884251578408e-05,AdamW,0.0013294179244481292
