,a_dropout,g_dropout,gru_num_layers,num_layers,t_dropout,use_attention,use_text_proj,v_dropout
Bimodal TT-GAT,0.4160097616381848,0.4217081011149359,2.0,2,0.33336620629561386,False,True,0.2852433270255765
BiLSTM_GAT,0.21696741178871787,0.20065766853249656,2.0,2,0.3945050082152574,True,False,0.23438353424155506
Baseline,0.20024247149463817,0.41290963279208437,,4,0.37599747455852905,,True,0.49608574075078826
TT-GAT,0.24131596045716078,0.2524619575070977,2.0,4,0.46905928753621906,True,False,0.48267163391962276
BiLSTM_Topic_GAT,0.42129768071622764,0.23137810315923,2.0,4,0.3923562227114974,True,True,0.3301852877468514
Baseline_Topic,0.42708756110581836,0.24622510018132956,,4,0.4035387027134423,,True,0.2567044955582287
